Workbook

Sheet Industry Sharing
A1: SAP Code | B1: RETAIL OUTLET | C1: OIL CO | D1: Sales Area | E1: District | F1: MS June 26 | G1: MS June 25 | H1: HSD June 26 | I1: MS June 25
A2: 125725 | B2: NATIONAL PETROLEUM | C2: IOCL | D2: Pune Saswad RSA | E2: Pune | F2: =SUMIF('MS SAP Dump'!$F$2:$F$603,$A2,'MS SAP Dump'!$D$2:$D$603) -> 27 | G2: 60 | H2: =SUMIF('HSD SAP Dump'!$F$2:$F$602,$A2,'HSD SAP Dump'!$D$2:$D$602) -> 69 | I2: 60
A3: 125737 | B3: SHIVNER FILLING STATION | C3: IOCL | D3: Pimpri Chinchwad RSA | E3: Pune | F3: =SUMIF('MS SAP Dump'!$F$2:$F$603,$A3,'MS SAP Dump'!$D$2:$D$603) -> 0 | G3: 0 | H3: =SUMIF('HSD SAP Dump'!$F$2:$F$602,$A3,'HSD SAP Dump'!$D$2:$D$602) -> 0 | I3: 0
A4: 125834 | B4: SHREE SAI KRUPA SERVICES | C4: IOCL | D4: Pune City RSA | E4: Pune | F4: =SUMIF('MS SAP Dump'!$F$2:$F$603,$A4,'MS SAP Dump'!$D$2:$D$603) -> 169 | G4: 48 | H4: =SUMIF('HSD SAP Dump'!$F$2:$F$602,$A4,'HSD SAP Dump'!$D$2:$D$602) -> 30 | I4: 48
A5: 125893 | B5: ANIL AUTOMOBILES-MODNIMB (H) | C5: IOCL | D5: Pune Tathawade RSA | E5: Pune | F5: =SUMIF('MS SAP Dump'!$F$2:$F$603,$A5,'MS SAP Dump'!$D$2:$D$603) -> 45.5 | G5: 182 | H5: =SUMIF('HSD SAP Dump'!$F$2:$F$602,$A5,'HSD SAP Dump'!$D$2:$D$602) -> 206.5 | I5: 182
A6: 126060 | B6: D.S.Bhosale & Co | C6: IOCL | D6: Shirdi RSA | E6: Ahmednagar | F6: =SUMIF('MS SAP Dump'!$F$2:$F$603,$A6,'MS SAP Dump'!$D$2:$D$603) -> 121.5 | G6: 396.5 | H6: =SUMIF('HSD SAP Dump'!$F$2:$F$602,$A6,'HSD SAP Dump'!$D$2:$D$602) -> 678.5 | I6: 396.5
A7: 126064 | B7: Kothari Automobiles | C7: IOCL | D7: Ahmednagar West RSA | E7: Ahmednagar | F7: =SUMIF('MS SAP Dump'!$F$2:$F$603,$A7,'MS SAP Dump'!$D$2:$D$603) -> 60 | G7: 65 | H7: =SUMIF('HSD SAP Dump'!$F$2:$F$602,$A7,'HSD SAP Dump'!$D$2:$D$602) -> 80 | I7: 65
A8: 126068 | B8: Musmade & Sons. | C8: IOCL | D8: Shirdi RSA | E8: Ahmednagar | F8: =SUMIF('MS SAP Dump'!$F$2:$F$603,$A8,'MS SAP Dump'!$D$2:$D$603) -> 63 | G8: 94.5 | H8: =SUMIF('HSD SAP Dump'!$F$2:$F$602,$A8,'HSD SAP Dump'!$D$2:$D$602) -> 147 | I8: 94.5
A9: 126071 | B9: Sanjivani Ssk Ltd. | C9: IOCL | D9: Shirdi RSA | E9: Ahmednagar | F9: =SUMIF('MS SAP Dump'!$F$2:$F$603,$A9,'MS SAP Dump'!$D$2:$D$603) -> 45 | G9: 95 | H9: =SUMIF('HSD SAP Dump'!$F$2:$F$602,$A9,'HSD SAP Dump'!$D$2:$D$602) -> 135 | I9: 95
A10: 126072 | B10: Sangamner S.S Sangh Ltd | C10: IOCL | D10: Shirdi RSA | E10: Ahmednagar | F10: =SUMIF('MS SAP Dump'!$F$2:$F$603,$A10,'MS SAP Dump'!$D$2:$D$603) -> 120 | G10: 285 | H10: =SUMIF('HSD SAP Dump'!$F$2:$F$602,$A10,'HSD SAP Dump'!$D$2:$D$602) -> 200 | I10: 285
A11: 126073 | B11: Shri Sai Service Centre | C11: IOCL | D11: Shirdi RSA | E11: Ahmednagar | F11: =SUMIF('MS SAP Dump'!$F$2:$F$603,$A11,'MS SAP Dump'!$D$2:$D$603) -> 95 | G11: 145 | H11: =SUMIF('HSD SAP Dump'!$F$2:$F$602,$A11,'HSD SAP Dump'!$D$2:$D$602) -> 305 | I11: 145
A12: 126074 | B12: Sarda Brothers | C12: IOCL | D12: Shirdi RSA | E12: Ahmednagar | F12: =SUMIF('MS SAP Dump'!$F$2:$F$603,$A12,'MS SAP Dump'!$D$2:$D$603) -> 90 | G12: 110 | H12: =SUMIF('HSD SAP Dump'!$F$2:$F$602,$A12,'HSD SAP Dump'!$D$2:$D$602) -> 90 | I12: 110
A13: 126078 | B13: A.B.Petroleum | C13: IOCL | D13: Ahmednagar East RSA | E13: Ahmednagar | F13: =SUMIF('MS SAP Dump'!$F$2:$F$603,$A13,'MS SAP Dump'!$D$2:$D$603) -> 30 | G13: 24 | H13: =SUMIF('HSD SAP Dump'!$F$2:$F$602,$A13,'HSD SAP Dump'!$D$2:$D$602) -> 18 | I13: 24
... A672: 393128 | B672: KRISHNA PETROLEUM AND ENERGY HUB | C672: IOCL | D672: Satara West RSA | E672: Satara | F672: =SUMIF('MS SAP Dump'!$F$2:$F$603,$A672,'MS SAP Dump'!$D$2:$D$603) -> 0 | G672: 0 | H672: =SUMIF('HSD SAP Dump'!$F$2:$F$602,$A672,'HSD SAP Dump'!$D$2:$D$602) -> 0 | I672: 0
A673: 393411 | B673: COCO KOKAMTHAN DATTAPRABHA PETROLEU | C673: IOCL | D673: Shirdi RSA | E673: Ahmednagar | F673: =SUMIF('MS SAP Dump'!$F$2:$F$603,$A673,'MS SAP Dump'!$D$2:$D$603) -> 11 | H673: =SUMIF('HSD SAP Dump'!$F$2:$F$602,$A673,'HSD SAP Dump'!$D$2:$D$602) -> 21 | J673: Legacy code

Sheet MS SAP Dump
A1: Ship-To Party | B1: Sales district | C1: Sales Group | D1: Inv. Qty | E1: Inv. Qty | F1: SAP Code
A2: 125725 NATIONAL PETROLEUM | B2: MH022 PUNE | C2: M41 Pune Saswad RSA | D2: 27 | E2: KL | F2: =VALUE(LEFT(A2,FIND(" ",A2)-1)) -> 125725
A3: 125834 SHREE SAI KRUPA SERVICES | B3: MH022 PUNE | C3: M06 Pune City RSA | D3: 169 | E3: KL | F3: =VALUE(LEFT(A3,FIND(" ",A3)-1)) -> 125834
A4: 125893 ANIL AUTOMOBILES | B4: MH022 PUNE | C4: MA7 Pune Tathawade RSA | D4: 45.5 | E4: KL | F4: =VALUE(LEFT(A4,FIND(" ",A4)-1)) -> 125893
A5: 126060 D.S.BHOSALE & CO | B5: MH001 AHMADNAGAR | C5: M32 Shirdi RSA | D5: 121.5 | E5: KL | F5: =VALUE(LEFT(A5,FIND(" ",A5)-1)) -> 126060
A6: 126064 KOTHARI AUTOMOBILES | B6: MH001 AHMADNAGAR | C6: M92 Ahmednagar West RSA | D6: 60 | E6: KL | F6: =VALUE(LEFT(A6,FIND(" ",A6)-1)) -> 126064
A7: 126068 MUSMADE & SONS. | B7: MH001 AHMADNAGAR | C7: M32 Shirdi RSA | D7: 63 | E7: KL | F7: =VALUE(LEFT(A7,FIND(" ",A7)-1)) -> 126068
A8: 126071 SANJIVANI SSK LTD. | B8: MH001 AHMADNAGAR | C8: M32 Shirdi RSA | D8: 45 | E8: KL | F8: =VALUE(LEFT(A8,FIND(" ",A8)-1)) -> 126071
A9: 126072 SANGAMNER S.S SANGH LTD | B9: MH001 AHMADNAGAR | C9: M32 Shirdi RSA | D9: 120 | E9: KL | F9: =VALUE(LEFT(A9,FIND(" ",A9)-1)) -> 126072
A10: 126073 SHRI SAI SERVICE CENTRE | B10: MH001 AHMADNAGAR | C10: M32 Shirdi RSA | D10: 95 | E10: KL | F10: =VALUE(LEFT(A10,FIND(" ",A10)-1)) -> 126073
A11: 126074 SARDA BROTHERS | B11: MH001 AHMADNAGAR | C11: M32 Shirdi RSA | D11: 90 | E11: KL | F11: =VALUE(LEFT(A11,FIND(" ",A11)-1)) -> 126074
A12: 126078 A.B.PETROLEUM | B12: MH001 AHMADNAGAR | C12: M33 Ahmednagar East RSA | D12: 30 | E12: KL | F12: =VALUE(LEFT(A12,FIND(" ",A12)-1)) -> 126078
A13: 126081 BELAPUR BK V.K.SAH.SEVA S.MARY | B13: MH001 AHMADNAGAR | C13: M32 Shirdi RSA | D13: 101.5 | E13: KL | F13: =VALUE(LEFT(A13,FIND(" ",A13)-1)) -> 126081
... A603: 504556 NEW AUTO CORNER-PUNE | B603: MH022 PUNE | C603: M06 Pune City RSA | D603: 180 | E603: KL | F603: =VALUE(LEFT(A603,FIND(" ",A603)-1)) -> 504556

Sheet HSD SAP Dump
A1: Ship-To Party | B1: Sales district | C1: Sales Group | D1: Inv. Qty | E1: Inv. Qty | F1: SAP Code
A2: 125725 NATIONAL PETROLEUM | B2: MH022 PUNE | C2: M41 Pune Saswad RSA | D2: 69 | E2: KL | F2: =VALUE(LEFT(A2,FIND(" ",A2)-1)) -> 125725
A3: 125834 SHREE SAI KRUPA SERVICES | B3: MH022 PUNE | C3: M06 Pune City RSA | D3: 30 | E3: KL | F3: =VALUE(LEFT(A3,FIND(" ",A3)-1)) -> 125834
A4: 125893 ANIL AUTOMOBILES | B4: MH022 PUNE | C4: MA7 Pune Tathawade RSA | D4: 206.5 | E4: KL | F4: =VALUE(LEFT(A4,FIND(" ",A4)-1)) -> 125893
A5: 126060 D.S.BHOSALE & CO | B5: MH001 AHMADNAGAR | C5: M32 Shirdi RSA | D5: 678.5 | E5: KL | F5: =VALUE(LEFT(A5,FIND(" ",A5)-1)) -> 126060
A6: 126064 KOTHARI AUTOMOBILES | B6: MH001 AHMADNAGAR | C6: M92 Ahmednagar West RSA | D6: 80 | E6: KL | F6: =VALUE(LEFT(A6,FIND(" ",A6)-1)) -> 126064
A7: 126068 MUSMADE & SONS. | B7: MH001 AHMADNAGAR | C7: M32 Shirdi RSA | D7: 147 | E7: KL | F7: =VALUE(LEFT(A7,FIND(" ",A7)-1)) -> 126068
A8: 126071 SANJIVANI SSK LTD. | B8: MH001 AHMADNAGAR | C8: M32 Shirdi RSA | D8: 135 | E8: KL | F8: =VALUE(LEFT(A8,FIND(" ",A8)-1)) -> 126071
A9: 126072 SANGAMNER S.S SANGH LTD | B9: MH001 AHMADNAGAR | C9: M32 Shirdi RSA | D9: 200 | E9: KL | F9: =VALUE(LEFT(A9,FIND(" ",A9)-1)) -> 126072
A10: 126073 SHRI SAI SERVICE CENTRE | B10: MH001 AHMADNAGAR | C10: M32 Shirdi RSA | D10: 305 | E10: KL | F10: =VALUE(LEFT(A10,FIND(" ",A10)-1)) -> 126073
A11: 126074 SARDA BROTHERS | B11: MH001 AHMADNAGAR | C11: M32 Shirdi RSA | D11: 90 | E11: KL | F11: =VALUE(LEFT(A11,FIND(" ",A11)-1)) -> 126074
A12: 126078 A.B.PETROLEUM | B12: MH001 AHMADNAGAR | C12: M33 Ahmednagar East RSA | D12: 18 | E12: KL | F12: =VALUE(LEFT(A12,FIND(" ",A12)-1)) -> 126078
A13: 126081 BELAPUR BK V.K.SAH.SEVA S.MARY | B13: MH001 AHMADNAGAR | C13: M32 Shirdi RSA | D13: 80.5 | E13: KL | F13: =VALUE(LEFT(A13,FIND(" ",A13)-1)) -> 126081
... A602: 524930 KAJALE & SONS (HSD) | B602: MH022 PUNE | C602: M40 Pimpri Chinchwad RSA | D602: 336 | E602: KL | F602: =VALUE(LEFT(A602,FIND(" ",A602)-1)) -> 524930
